{"cameraMode":{"drawMode":0,"name":"Shaded","section":"Shading Mode"},"sceneLighting":true,"audioPlay":false,"sceneViewState":{"m_AlwaysRefresh":false,"showFog":true,"showSkybox":true,"showFlares":true,"showImageEffects":true,"showParticleSystems":true,"showVisualEffectGraphs":true,"m_FxEnabled":true},"in2DMode":false,"pivot":{"x":-3.8101372718811037,"y":4.035533905029297,"z":-2.6146583557128908},"rotation":{"x":-0.005101329181343317,"y":0.8658778071403503,"z":-0.5001575946807861,"w":-0.008831432089209557},"size":55.05506896972656,"orthographic":false}